index,o_label,keywords,score,adjusted_score,rank,label
0,2,"['초소', '초소 발광', '픽셀 구조', '픽셀', '전극', '장치 픽셀', '상기', '상기 초소', '구조', '상기 전극']",-7.739549135,-17.73954914,188,4
1,1,"['라인', '상기 라인', '라인 상기', '상기', '전원 라인', '오버랩', '상기 전원', '전원', '데이터 라인', '발광 표시']",-2.693764613,-2.693764613,99,2
2,2,"['단위', '단위 영역', '상기 단위', '발광 장치', '상기', '영역 내부', '단위 발광', '영역', '영역 각각', '발광']",-6.127679296,-16.1276793,155,3
3,2,"['영상', '디스플레이 패널', '상기', '취득', '디스플레이', '패턴 이미지', '리프트', '리프트 오프', '부분', '상기 부분']",-4.513816453,-14.51381645,125,3
4,2,"['상기', '패턴 전극', '본체', '컬러', '컬러 필터', '전자 부품', '상기 본체', '필터', '부품', '복수 센서']",-4.720303147,-14.72030315,129,3
5,2,"['배선', '가지', '가지 배선', '타입 화소', '타입', '화소', '상기', '상기 타입', '공통 가지', '공통']",-7.094072399,-17.0940724,176,4
6,2,"['발광 패턴', '상기', '피막', '절연 피막', '도전 반도체', '발광', '패턴', '상기 발광', '패턴 측면', '절연']",-4.944203519,-14.94420352,133,3
7,1,"['그룹', '상기', '치화', '클로', '복수 노즐', '노즐', '헤테로', '케니', '속도', '그룹 그룹']",0.941548721,0.941548721,84,2
8,2,"['상기', '코팅', '상기 코팅', '상기 전극', '전극', '코팅 상기', '전극 상기', '영역', '극성', '상기 영역']",-4.342776683,-14.34277668,123,3
9,2,"['원저', '증착 원저', '원저 장부', '장부', '상기 증착', '증착', '차폐', '상기', '차폐 플레이트', '폐부']",-5.126638427,-15.12663843,136,3
10,2,"['상기', '신호 라인', '패드', '돌출부', '상기 돌출부', '돌출부 상기', '표시', '산화', '라인', '메인 패드']",-6.000131213,-16.00013121,151,3
11,1,"['상기', '치화', '소자', '헤테로', '클로', '비치', '치화 비치', '더미 소자', '금속 패턴', '더미']",0.061993557,0.061993557,90,2
12,2,"['컬러', '검사', '상기', '복수 컬러', '투과', '검사 장치', '포함 검사', '복수', '상기 컬러', '검사 대상']",-5.363734363,-15.36373436,140,3
13,1,"['상기', '전극', '상기 전극', '서브 영역', '전극 배선', '도전 반도체', '서브', '전극 상기', '도전', '표시']",0.135357045,0.135357045,89,2
14,2,"['상기', '전극', '서브 전극', '픽셀 구조', '픽셀', '메인 전극', '구조 상기', '메인', '구조', '서브']",-4.121686389,-14.12168639,118,2
15,1,"['상기', '잉크', '상기 잉크', '극성 소자', '표본', '잉크젯', '소자 개수', '분류', '개수', '극성']",4.709106358,4.709106358,59,1
16,1,"['상기', '반사 전극', '전극', '상기 반사', '치화', '비치', '치화 비치', '화학식', '반사', '상기 패턴']",-2.637841258,-2.637841258,98,2
17,1,"['메인 전극', '메인', '전극', '상기 메인', '보조 전극', '상기', '고리', '보조', '상기 보조', '전극 상기']",-0.617549926,-0.617549926,93,2
18,1,"['상기', '전극', '화소', '상기 화소', '레지 영역', '공통 전극', '연결 전극', '공통', '레지', '상기 레지']",0.714297094,0.714297094,85,2
19,1,"['상기', '변환 소자', '변환', '소자', '전극', '발광', '공통 전극', '상기 변환', '발광 소자', '공통']",-1.970625798,-1.970625798,96,2
20,1,"['전극 라인', '라인', '발광 장치', '상기', '트랜지스터', '전극', '서브 트랜지스터', '발광', '상기 전극', '게이트 노드']",-3.56027919,-3.56027919,100,2
21,2,"['상기', '발광 장치', '구조물', '전극', '상기 구조물', '상기 전극', '단위 발광', '발광', '상기 양단', '양단']",-8.926176592,-18.92617659,198,4
22,2,"['상기', '프린터', '잉크젯 프린터', '탄화', '탄화 수소', '헤드', '잉크젯', '이어', '프린터 장치', '금속']",-6.00547133,-16.00547133,152,3
23,2,"['상기', '굴절률 변환', '굴절률', '폴리머', '광경 정부', '상기 폴리머', '폴리머 네트워크', '마이크로 렌즈', '렌즈 레이', '네트워크']",-6.181581627,-16.18158163,156,3
24,2,"['상기', '발광', '발광 소자', '소자', '공통 전극', '상기 발광', '공통', '전극', '상기 공통', '압축']",-7.397812017,-17.39781202,184,4
25,2,"['상기', '라인', '도전 라인', '라인 상기', '도전', '전원 라인', '신호', '패드', '전원', '전극']",-3.826745763,-13.82674576,115,2
26,1,"['플라즈마 모니터링', '게이트', '플라즈마', '모니터링', '하부 게이트', '포트 구조물', '특징 플라즈마', '모니터링 시스템', '포트', '상부 게이트']",5.545177444,5.545177444,51,1
27,2,"['상기', '전극', '상기 전극', '돌출', '휘도', '전극 상기', '블랙', '피크 휘도', '소자', '피크']",-3.740006177,-13.74000618,114,2
28,1,"['상기', '외면 위치', '상기 외면', '외면', '메인 표시', '내면', '발광 패턴', '표시 요소', '상기 내면', '메인']",4.85214025,4.85214025,58,1
29,2,"['상기', '반도체', '상기 반도체', '반도체 상기', '연막', '화소 전극', '반도체 도핑', '전극', '발광 소자', '상기 연막']",-6.966407092,-16.96640709,172,3
30,2,"['상기', '절단', '상기 절단', '전극 연결', '레이저', '보호', '절단 상기', '상기 레이저', '레이저 조사', '서브 전극']",-2.982284385,-12.98228439,109,2
31,2,"['컬럼', '성형', '유닛', '서브 컬럼', '상기', '서브', '변환 유닛', '광학 시스템', '서브 윈도우', '광축']",-4.245981121,-14.24598112,120,2
32,1,"['조사 단계', '조사', '상기 조사', '감지 전극', '감지', '상기', '서브 감지', '레이저', '표시 모듈', '시간 간격']",7.084645048,7.084645048,28,1
33,1,"['상기', '색상', '색상 변환', '기준 노드', '뱅크', '사이 접속', '상기 색상', '접속', '포함', '포함 색상']",6.412850659,6.412850659,41,1
34,2,"['상기', '충격', '충격 흡수', '상기 전극', '전극', '탄성', '저장 탄성', '상기 충격', '흡수', '소자 각각']",-6.817047143,-16.81704714,169,3
35,2,"['상기', '프리 영역', '화소 회로', '프리', '화소', '회로', '내부', '내부 상기', '전극', '상기 내부']",-8.508625717,-18.50862572,195,4
36,2,"['해상도', '해상도 이미지', '이미지', '편차', '광학 검사', '복수 해상도', '상기 편차', '상기', '검사', '편차 기준']",-7.256637308,-17.25663731,181,4
37,1,"['상기 부분', '상기', '부분', '상기 전극', '전극', '부분 상기', '이전 프레임', '상기 이전', '데이터', '이전']",1.612290799,1.612290799,82,2
38,2,"['상기', '중간 레이어', '전극', '레이어', '상기 전극', '중간', '연막', '서브 전극', '계측', '레이어 상기']",-7.423087656,-17.42308766,186,4
39,2,"['로고', '상기', '상기 로고', '영상', '로고 영상', '위치', '전극', '프레임 입력', '영상 신호', '구조물']",-6.973657586,-16.97365759,173,3
40,2,"['상기', '전극', '게이트 연막', '데이터 도전', '연막', '게이트', '버퍼', '접촉 전극', '접촉', '상기 게이트']",-5.194020665,-15.19402067,138,3
41,2,"['검사', '장치 검사', '장치', '특징 표시', '표시 장치', '검사 장치', '표시', '상기', '로더', '표면']",-4.654070454,-14.65407045,126,3
42,2,"['상기', '상기 영역', '정렬 전극', '영역', '발광 소자', '소자', '전극', '발광', '정렬', '상기 발광']",-7.417968005,-17.417968,185,4
43,2,"['성비', '인듐 성비', '보조', '상기 보조', '인듐', '상기', '보조 상기', '성비 상기', '상기 인듐', '박막']",-4.333189145,-14.33318915,122,2
44,2,"['차량', '운반', '무인 운반', '운반 차량', '무인', '우회 경로', '경로', '우회', '정보', '차량 우회']",-7.154615357,-17.15461536,178,4
45,2,"['전압 라인', '라인', '전압', '상기', '금속 배치', '금속', '상기 금속', '상기 전압', '전극', '라인 상기']",-6.506823702,-16.5068237,163,3
46,2,"['상기', '절연', '상기 절연', '전자 장치', '단계', '전자', '발광 소자', '포함 전자', '소자', '상기 이송']",-3.12079158,-13.12079158,110,2
47,2,"['상기', '발광 장치', '전극', '상기 전극', '발광', '전기 연결', '전기', '상기 상기', '전극 전기', '발광 소자']",-8.210449794,-18.21044979,192,4
48,2,"['상기', '상기 두께', '두께', '두께 상기', '발광 두께', '표시', '발광', '이하 표시', '표시 장치', '화소']",-7.185518936,-17.18551894,179,4
49,2,"['교류 전압', '교류', '상기', '상기 교류', '주파수', '전압', '상기 주파수', '유전율', '발광 소자', '복수 발광']",-6.38835682,-16.38835682,161,3
50,2,"['상기', '증착', '서브 금속', '전압', '금속', '대전', '증착 물질', '전극', '상기 증착', '노즐']",-4.288948446,-14.28894845,121,2
51,2,"['발광 영역', '상기', '발광', '영역', '상기 발광', '오프닝', '대각선', '대각선 방향', '영역 상기', '발광 표시']",-8.999289044,-18.99928904,199,4
52,2,"['그리드', '상기 복수', '마스크', '복수', '상기', '증착', '전류 전압', '마스크 그리드', '복수 배선', '복수 마스크']",-2.376489921,-12.37648992,106,2
53,2,"['특징 기판', '기판 처리', '상기 필터', '처리', '편광', '필터', '처리 방법', '상기', '자석', '특징']",-2.614702248,-12.61470225,107,2
54,2,"['상기', '노즐', '상기 노즐', '헤드', '조립', '상기 조립', '잉크젯', '단분자층', '조립 단분자층', '헤드 상기']",-0.485544742,-10.48554474,102,2
55,2,"['정보', '상기 정보', '정보 관리', '관리 모듈', '관리', '모듈', '상기', '대상 기기', '모듈 상기', '공유 영역']",-8.889631828,-18.88963183,197,4
56,2,"['상기', '사부', '상기 사부', '상부 부분', '하부 부분', '부분', '플레이트', '마스크 조립', '상기 플레이트', '장치 제조']",-1.911126768,-11.91112677,104,2
57,2,"['감시', '부품', '상기 감시', '상기', '감시 부품', '정부', '상기 정부', '가동', '시간', '데이터']",-4.507605193,-14.50760519,124,3
58,2,"['감마', '감마 데이터', '계측', '예측', '데이터', '장치 감마', '감마 보정', '상기 예측', '조에', '상기']",-5.200752374,-15.20075237,139,3
59,2,"['검사', '상기', '샘플', '상기 샘플', '불량 검사', '불량', '검사 장치', '터치', '상기 검사', '이미지']",-8.578393148,-18.57839315,196,4
60,2,"['상기', '발광 장치', '발광', '전극', '발광 소자', '소자', '상기 전극', '절연 패턴', '상기 발광', '베이스']",-7.311871395,-17.3118714,182,4
61,2,"['화학식', '나노입자', '상기', '코어', '나노입자 코어', '수송 영역', '전자', '수송', '전자 부품', '상기 전자']",-5.792756078,-15.79275608,146,3
62,2,"['연막', '상기 연막', '연막 산화물', '산화물 포함', '산화물', '상기', '연막 두께', '연막 상기', '마스크', '두께']",-4.14121986,-14.14121986,119,2
63,2,"['상기', '트랜지스터', '주사선', '영역', '서브', '전극', '서브 트랜지스터', '연결', '회로', '발광']",-4.715512273,-14.71551227,128,3
64,2,"['정보', '계측기', '상기 계측기', '상기', '모니터링', '정보 상기', '모드 정보', '통신', '스위치', '모드']",-6.404725178,-16.40472518,162,3
65,2,"['상기', '반도체', '활성', '상기 활성', '발광', '반도체 상기', '상기 반도체', '전극', '상기 전극', '전극 측면']",-5.944784982,-15.94478498,150,3
66,2,"['상기', '반도체', '소자 로드', '반사', '로드', '상기 반사', '기울기', '상기 반도체', '전극', '절연']",-4.98054361,-14.98054361,134,3
67,2,"['상기', '전극', '절연', '발광', '발광 소자', '화소 전극', '소자', '상기 절연', '화소', '공통 전극']",-6.892377333,-16.89237733,170,3
68,2,"['불량', '상기', '불량 분류', '특징 불량', '이미지', '분류', '상기 불량', '상기 이미지', '이미지 기초', '모델']",-6.587046735,-16.58704674,166,3
69,2,"['상기', '잉크', '모듈', '전하', '상기 모듈', '상기 전하', '상기 잉크', '모듈 상기', '제조 장치', '유동']",-5.494645706,-15.49464571,144,3
70,2,"['상기', '조정', '반도체', '상기 조정', '상기 반도체', '영역', '표시', '발광', '발광 소자', '소자']",-5.942493722,-15.94249372,149,3
71,2,"['상기', '공통 전극', '반도체', '공통', '발광 소자', '발광', '소자', '상기 공통', '전극', '상기 반도체']",-6.553911623,-16.55391162,164,3
72,2,"['투과 영역', '단자', '투과', '레이저', '상기 투과', '상기', '레이저 장치', '영역', '공간 분할', '분할 광학']",-2.365926205,-12.3659262,105,2
73,2,"['레이어', '상기 레이어', '레이어 상기', '상기', '레이어 포함', '레이어 레이어', '발광 패턴', '중량', '발광', '반도체']",-5.816780924,-15.81678092,147,3
74,2,"['공사', '건설', '데이터', '관리', '목록', '정보', '상황', '분석', '상기', '설계']",-6.810190286,-16.81019029,168,3
75,2,"['차폐', '상기 차폐', '상기', '차폐 상기', '반도체', '상기 반도체', '발광', '반도체 상기', '상기 발광', '차폐 투과']",-8.355345262,-18.35534526,194,4
76,2,"['상기 모듈', '모듈', '모듈 레이', '모듈 상기', '상기', '레이', '결정화', '레이저 결정화', '결정화 장치', '특징']",-7.223560903,-17.2235609,180,4
77,2,"['반송', '레일', '상기 레일', '상기 반송', '상기', '컨베이어', '주행 경로', '특징 반송', '반송 자동', '자동 정렬']",-6.181581627,-16.18158163,157,3
78,2,"['중간 보호', '구조', '보호 구조', '상기', '반도체 구조', '보호', '중간', '서브 화소', '상기 중간', '반도체']",-6.572772377,-16.57277238,165,3
79,2,"['압력 검출', '검출', '압력', '검출 시트', '시트', '상기 압력', '상기', '검출 방법', '단계', '장치 압력']",-3.696674977,-13.69667498,112,2
80,2,"['벨트', '복수 아일랜드', '텐션', '벨트 텐션', '아일랜드', '감지', '상기', '봉지 상기', '마스터', '봉지']",-5.488434446,-15.48843445,143,3
81,2,"['절연', '상기 절연', '절연 상기', '온도', '주행', '상기', '주행 온도', '마스터', '절연 배치', '액티브']",-5.178432888,-15.17843289,137,3
82,2,"['유지 보수', '전환', '보수', '유지', '잉크젯', '스토커', '스토커 정지', '정지 유지', '보수 전환', '전환 시스템']",-6.238324625,-16.23832463,158,3
83,2,"['상기', '소부', '변환', '마스크', '적색', '소부 상기', '녹색', '상기 적색', '상기 녹색', '변환 상기']",-3.82737843,-13.82737843,116,2
84,2,"['전원 배선', '상기', '배선', '전원', '상기 전원', '화소', '플레인', '전극', '구동', '캐소드 전극']",-7.116120096,-17.1161201,177,4
85,2,"['상기', '조절 물질', '백라이트 유닛', '백라이트', '지대', '상기 조절', '지대 상기', '상기 지대', '유닛', '유닛 상기']",-4.795287266,-14.79528727,131,3
86,2,"['아일랜드', '투명 전극', '아일랜드 부들', '투명', '하부 투명', '부들', '상기', '상기 아일랜드', '소수성 절연', '표시']",-4.734260074,-14.73426007,130,3
87,2,"['발광 유닛', '치화', '페닐기', '전하', '전하 생성', '헤테로', '알킬기', '오레', '클로', '페닐기 페닐기']",-7.725159527,-17.72515953,187,4
88,2,"['라인', '상기 라인', '라인 상기', '상기', '오버랩', '전원 라인', '라인 오버랩', '발광 표시', '상기 전원', '전원']",-4.080058974,-14.08005897,117,2
89,1,"['상기', '액정 표시', '액정', '배향 제어', '표시 영역', '영역', '배향', '상기 배향', '아웃 배선', '표시']",4.129194452,4.129194452,66,1
90,2,"['방열 패드', '방열', '필름', '상기 방열', '베이스 필름', '상기', '패드', '돌출부', '패키지', '필름 패키지']",-5.009798123,-15.00979812,135,3
91,2,"['발광 표시', '상기', '유기 발광', '오목', '유기', '보호막', '트렌치', '발광', '상기 보호막', '상기 트렌치']",-8.267154469,-18.26715447,193,4
92,2,"['리프트', '리프트 오프', '오프', '상기', '배리', '유기', '발광 표시', '유기 기능', '유기 발광', '보조 전극']",-8.161793953,-18.16179395,191,4
93,2,"['상기', '컬러', '컬러 필터', '필터', '안료', '상기 유기', '상기 컬러', '유기', '화소', '표시']",-6.07646105,-16.07646105,154,3
94,2,"['어셈블리 상기', '어셈블리', '마스크 어셈블리', '마스크', '증착 마스크', '오픈 마스크', '오픈', '보조 패턴', '증착', '상기 오픈']",-2.895331039,-12.89533104,108,2
95,2,"['센서', '상기 센서', '터치', '센서 주사', '주사', '상기', '감지 모드', '센서 화소', '터치 센서', '감지']",-5.480528938,-15.48052894,142,3
96,2,"['신호 패드', '패드', '도전 패턴', '상기 신호', '상기', '도전', '신호', '패턴', '배선', '상기 도전']",-1.795995741,-11.79599574,103,2
97,1,"['서브 영역', '상기', '영역', '표시', '표시 영역', '서브', '방지 부재', '반사 방지', '상기 표시', '상기 영역']",4.03246663,4.03246663,69,1
98,2,"['그룹', '치화', '클로', '헤테로', '케니', '알킬기', '헤테로 클로', '클로 케니', '선택', '클로 알킬기']",-7.032012347,-17.03201235,174,3
99,2,"['커버 패널', '상기', '커버', '패널', '배선', '트레이스', '상기 배선', '영역', '그라운드', '패널 상기']",-4.678620622,-14.67862062,127,3
100,2,"['패드', '상기', '배선 패드', '돌출부', '배선', '상기 돌출부', '패드 상기', '돌출부 상기', '상기 배선', '메인 패드']",-7.093756676,-17.09375668,175,4
101,2,"['치화', '탄소 이상', '비치', '치화 비치', '고리 형성', '탄소', '화학식', '고리', '형성 탄소', '이상 이하']",-7.857667861,-17.85766786,189,4
102,2,"['그룹', '치화', '헤테로', '비치', '치화 비치', '클로', '케니', '알킬기', '선택', '헤테로 클로']",-6.942991418,-16.94299142,171,3
103,2,"['필름', '상기', '탄부', '상기 필름', '부착', '터치', '상기 부착', '필름 상기', '상기 탄부', '표시']",-5.881599866,-15.88159987,148,3
104,2,"['감압', '건조 장치', '감압 건조', '건조', '상기', '상기 지지', '지지', '전원', '증착 물질', '상기 전원']",-5.368957162,-15.36895716,141,3
105,2,"['터치', '상기', '상기 터치', '터치 도전', '도전', '컬러', '컬러 필터', '터치 연결', '필터', '도전 상기']",-6.339260857,-16.33926086,160,3
106,2,"['상기', '더블 표시', '더블', '오프닝', '윈도우', '상기 윈도우', '복수 오프닝', '상기 영역', '영역', '표시']",-6.051001005,-16.05100101,153,3
107,2,"['배선', '상기', '서브 배선', '정렬 배선', '메인 배선', '화소', '표시', '전극', '메인', '정렬']",-6.250373948,-16.25037395,159,3
108,2,"['표본', '표본 블록', '블록', '상기 표본', '분류', '분류 방법', '상기', '엔트로피', '부호화', '엔트로피 부호화']",-3.640041965,-13.64004196,111,2
109,2,"['비치', '치화 비치', '치화', '화합물', '화학식', '화합물 화합물', '이상 이하', '탄소 이상', '탄소', '이하']",-8.088716921,-18.08871692,190,4
110,2,"['상기', '구부', '상기 구부', '기판 절단', '스테이지', '비치', '치화 비치', '치화', '절단', '구부 상기']",-4.804204128,-14.80420413,132,3
111,2,"['상기', '접촉 전극', '접촉', '전극', '상기 접촉', '상기 전극', '전극 가지', '발광 소자', '전극 상기', '가지']",-5.700372248,-15.70037225,145,3
112,1,"['측정', '상기', '특징 측정', '휘도', '측정 장치', '전원', '상기 휘도', '측정 구간', '구간 상기', '구간']",5.31423837,5.31423837,52,1
113,2,"['무리', '유기 발광', '상기', '상기 무리', '유기', '기능', '하부 기능', '기능 두께', '확률', '발광']",-9.794788473,-19.79478847,200,4
114,2,"['내부 뱅크', '상기', '뱅크', '전극', '상기 전극', '상기 내부', '전압 배선', '내부', '뱅크 상기', '상기 전압']",-7.340295287,-17.34029529,183,4
115,2,"['고리', '화학식', '화학식 화학식', '일기', '방향 고리', '지방', '융합', '헤테로', '독립', '헤테로 고리']",-6.611401817,-16.61140182,167,3
116,2,"['상기', '단층', '변환', '단층 상기', '변환 상기', '발광 소자', '소자', '차광 부재', '커버', '박막 트랜지스터']",-3.708955413,-13.70895541,113,2
117,2,"['기능', '유기 발광', '하부 기능', '화소 전극', '기능 두께', '유기', '상기', '상부 기능', '전극', '화소']",-10.68229369,-20.68229369,201,4
118,1,"['기판 열처리', '스테이지 유닛', '열처리 장치', '블록', '열처리', '상기', '상기 블록', '상면', '외측 상면', '스테이지']",7.25685728,7.25685728,24,1
119,1,"['미러', '상기 미러', '미러 유닛', '전자석', '상기', '영구 자석', '유닛', '상기 전자석', '영구', '회전']",6.007385551,6.007385551,45,1
120,1,"['도금', '도금 지그', '상기', '지그', '전기 도금', '상기 커버', '금액', '지그 상기', '커버', '오목']",5.663070466,5.663070466,48,1
121,1,"['사광', '편광', '상기', '상기 사광', '사광 제공', '표시', '상기 표시', '사광 상기', '결함', '표시 장치']",3.988971201,3.988971201,70,1
122,1,"['아크릴', '아크릴 레이', '레이', '올리고머', '레이 올리고머', '중량', '화학식', '특징 박막', '기판 제조', '조성']",4.665491668,4.665491668,61,1
123,1,"['서브 전극', '상기 영역', '서브', '상기', '영역', '전극', '영역 서브', '영역 패턴', '상기 서브', '영역 각각']",-0.00821015,-0.00821015,92,2
124,1,"['레이저', '상기 레이저', '상기', '레이저 성부', '사부', '표시', '장치', '장치 제조', '제조 장치', '상기 사부']",2.869006121,2.869006121,76,2
125,1,"['상기', '패드', '상기 패드', '패드 절연', '전극', '절연', '상기 전극', '발광 소자', '패드 금속', '소자']",-1.174622625,-1.174622625,94,2
126,1,"['상기', '절연 패턴', '발광 소자', '패드', '소자', '연막', '절연', '상기 연막', '단계', '발광']",-2.391766629,-2.391766629,97,2
127,1,"['가스', '진부', '스테이지', '상기', '상기 스테이지', '레이저', '상기 진부', '가스 사부', '레이저 공부', '공부']",8.504015814,8.504015814,10,1
128,1,"['광학 패턴', '광학', '상기', '상기 광학', '패턴', '표시', '영역', '발광 소자', '발광', '소자']",0.154458695,0.154458695,87,2
129,1,"['전달 배선', '레이', '상기 전달', '상기', '전달', '레이 기판', '배선', '화소 레이', '특징 표시', '상기 레이']",4.041210034,4.041210034,67,1
130,1,"['상기', '포터', '플레이트 조립', '상기 포터', '가이드', '상기 가이드', '플레이트', '증착', '성체', '조립']",8.772204351,8.772204351,9,1
131,1,"['캐소드 타겟', '타겟', '요크', '상기 캐소드', '캐소드', '자석', '상기 자석', '상기', '트론', '그네 트론']",6.469483671,6.469483671,39,1
132,1,"['도전 패턴', '변환 패턴', '도전', '파장 변환', '패턴', '상기', '파장', '상기 도전', '상기 파장', '변환']",4.531451169,4.531451169,63,1
133,1,"['서브 전극', '서브', '상기 서브', '단위 화소', '전극', '상기', '단위', '화소 영역', '상기 단위', '서브 영역']",2.751458155,2.751458155,77,2
134,1,"['기체', '원료', '원료 기체', '복수 모듈', '상기 원료', '상기', '밸브', '퍼지', '공급원', '기체 공급원']",6.700532731,6.700532731,35,1
135,1,"['상기 기화', '기화', '적외선', '적외선 히터', '상기', '상기 적외선', '과부', '히터', '유기물', '기화 내부']",7.105997839,7.105997839,26,1
136,1,"['상기', '방출', '양자', '복수 양자', '방출 영역', '서브 화소', '대역 통과', '통과 필터', '대역', '상기 방출']",5.601920443,5.601920443,50,1
137,1,"['이징', '상기', '신호', '상기 이징', '패드', '패널', '이징 신호', '이징 전원', '저항 소자', '전원']",4.696865154,4.696865154,60,1
138,1,"['절연 구조', '상기', '구조', '절연', '상기 절연', '구조 상기', '소자', '상기 전극', '내부 공간', '전극']",-1.693183913,-1.693183913,95,2
139,1,"['집합', '데이터 집합', '분류', '상기', '데이터', '추가 데이터', '추가', '예측', '처리기', '입력 데이터']",4.215626081,4.215626081,65,1
140,1,"['상기', '이동 경로', '시작', '가공 영역', '상기 이동', '상기 가공', '가공', '레이저', '경로', '상기 시작']",6.735812952,6.735812952,32,1
141,1,"['수신기', '복제', '분기', '특징 수신기', '수신기 상기', '상기', '전류 소스', '전압', '출력', '전류']",5.202666594,5.202666594,55,1
142,1,"['스퍼터링', '타겟', '확산', '확산 물질', '물질', '상기 확산', '타겟 물질', '스퍼터링 타겟', '스퍼터링 장치', '코어']",7.511352962,7.511352962,22,1
143,1,"['상기', '전극', '상기 전극', '접촉 전극', '접촉', '발광 소자', '절연', '소자', '상기 절연', '발광']",-5.134645949,-5.134645949,101,2
144,1,"['레이어', '상기 레이어', '상기', '출사', '로차', '광경 로차', '로차 발생기', '광경', '발생기', '간섭']",4.446675142,4.446675142,64,1
145,1,"['패턴 영역', '마스크', '프레임 조립', '프레임', '마스크 프레임', '보조', '조립', '더미 영역', '상기', '더미']",9.986677758,9.986677758,4,1
146,1,"['레이저', '서브 레이저', '마스터', '위상 변조', '위상', '변조', '레이저 방출', '스플릿', '서브', '마스터 레이저']",6.766277978,6.766277978,31,1
147,1,"['유공', '무공', '유공 영역', '무공 영역', '마스크', '상기 무공', '레이저', '프레임', '상기', '프레임 조립']",9.583416465,9.583416465,5,1
148,1,"['장판', '상기 장판', '상기', '증착', '정전', '상기 정전', '장판 상기', '장부', '상기 장부', '증착 장치']",5.793817425,5.793817425,46,1
149,1,"['상기', '마스크', '복수 패턴', '마스크 제조', '상기 금속', '증착 마스크', '금속', '패턴', '증착', '단계']",4.584819149,4.584819149,62,1
150,1,"['상기', '부분', '반도체', '연막', '상기 연막', '상기 부분', '상기 반도체', '활성', '부분 두께', '상기 활성']",0.033508365,0.033508365,91,2
151,1,"['보상', '상기', '전류', '노드', '상기 노드', '신호', '상기 보상', '응답', '유기 발광', '신호 응답']",4.887819405,4.887819405,57,1
152,1,"['플레이트', '통로', '사이드 플레이트', '상기', '사이드', '상기 사이드', '밸브', '상기 통로', '위치', '위치 이동']",6.118957326,6.118957326,44,1
153,1,"['상기', '표시 기판', '컬러', '컬러 필터', '변환 패턴', '상기 컬러', '필터', '파장 변환', '투과 패턴', '패턴']",2.875825842,2.875825842,75,2
154,1,"['상기', '확장', '반도체', '상기 확장', '본체', '상기 반도체', '직경', '접촉', '상기 본체', '소자']",1.973637838,1.973637838,81,2
155,1,"['마스크', '복수 마스크', '기판 처리', '처리 장치', '내부 노즐', '처리', '상기', '노즐', '배관', '선단']",5.636113239,5.636113239,49,1
156,1,"['테라', '상기 사용자', '사용자', '테라 표시', '특징 테라', '상기', '판단', '얼굴', '렌즈', '피부']",6.700532731,6.700532731,36,1
157,1,"['상기', '산란 입자', '디스플레이 장치', '산란', '농도', '입자', '광산', '디스플레이', '투과', '상기 투과']",3.753527961,3.753527961,71,2
158,1,"['레이저', '열처리', '레이저 열처리', '특징 레이저', '열처리 장치', '열처리 대상', '상기 레이저', '상기', '재귀', '상기 열처리']",9.107453577,9.107453577,7,1
159,1,"['덮개', '상기 덮개', '회전', '증착', '상기', '덮개 구동', '박막 증착', '부재', '증착 물질', '덮개 상기']",6.835796701,6.835796701,30,1
160,1,"['전극', '상기', '상기 전극', '아일랜드 전극', '전극 상기', '아일랜드', '상기 아일랜드', '연결 전극', '연결', '부분 포함']",0.51988977,0.51988977,86,2
161,1,"['리페어', '대상 표시', '표시 패널', '검사 대상', '상기', '검사', '패널', '패널 리페어', '상기 검사', '상기 필터']",3.234796828,3.234796828,73,2
162,1,"['가스', '가스 노즐', '상기 가스', '노즐', '반응', '상기', '반응 가스', '노즐 상기', '상기 반응', '단위 시간']",7.79914502,7.79914502,15,1
163,1,"['시부', '지구본', '지구본 표시', '상기 시부', '홀로', '그램', '홀로 그램', '상기', '포함 지구본', '상기 홀로']",6.295067623,6.295067623,42,1
164,1,"['노즐', '상기', '상기 노즐', '노즐 상기', '증착 장치', '노즐 개수', '노즐 사이', '증착', '사구', '각도']",7.066845761,7.066845761,29,1
165,1,"['진동', '진동 부재', '상기 진동', '상기', '표시 패널', '패널', '특징 표시', '표시', '부재', '음향']",7.49230052,7.49230052,23,1
166,1,"['반도체', '상기', '상기 반도체', '반도체 상기', '반도체 코어', '발광 소자', '외면', '소자', '활성', '코어']",0.149519224,0.149519224,88,2
167,1,"['마스크 스테이지', '지그', '상기', '상기 지그', '마스크', '상기 마스크', '스캐닝', '스캐닝 데이터', '스테이지', '카메라']",7.80978121,7.80978121,14,1
168,1,"['상기', '가이드', '상기 가이드', '마더', '마더 블록', '블록', '포터', '플레이트 조립', '가이드 부의', '증착']",8.047675014,8.047675014,13,1
169,1,"['상기', '도핑', '상기 도핑', '반도체', '극성', '도핑 상기', '상기 반도체', '발광 소자', '상기 극성', '소자']",2.085926874,2.085926874,80,2
170,1,"['배관', '가스', '유출', '본체', '가스 유출', '배관 배관', '유출 방지', '배관 연결', '박스', '플랜']",8.086717107,8.086717107,12,1
171,1,"['발광 수지', '수지 패턴', '수지', '돌기', '상기', '필름', '발광', '패턴', '상기 돌기', '상기 발광']",1.318914834,1.318914834,83,2
172,1,"['용기', '저장 용기', '유기물', '배관', '저장', '상기 저장', '기화', '상기', '급속', '급속 기화']",7.79914502,7.79914502,16,1
173,1,"['마스크', '프레임', '상기', '증착 마스크', '박막 증착', '프레임 조립', '마스크 프레임', '고정', '고정 부재', '상기 고정']",9.317087185,9.317087185,6,1
174,1,"['컬러', '컬러 필터', '차광 부재', '필터', '차광', '상기 컬러', '상기', '상기 차광', '부재', '포함 컬러']",2.272318682,2.272318682,79,2
175,1,"['상기', '측정', '스캐너', '계산', '상기 방향', '단계', '상기 부분', '방향', '계산 단계', '상기 부피']",7.217569615,7.217569615,25,1
176,1,"['마스크', '마스크 시트', '시트', '관통', '단계', '도금 단계', '단계 마스크', '전기 도금', '관통 상면', '도금']",7.776594819,7.776594819,19,1
177,1,"['부피', '획득', '조명', '부피 획득', '시간', '조명 인가', '획득 단계', '휘발', '단계', '인가']",6.643789733,6.643789733,38,1
178,1,"['롤러', '특징 크로스', '크로스 롤러', '롤러 베어링', '크로스', '윤활유', '베어링', '베어링 상기', '급유', '상기']",6.295067623,6.295067623,43,1
179,1,"['로딩', '상기', '상기 기판', '기판', '특징 방법', '로딩 단계', '단계', '기판 로딩', '방향 이동', '이동']",6.700532731,6.700532731,34,1
180,1,"['발열', '상기 발열', '몸체 부재', '상기 몸체', '몸체', '상기', '발열 상기', '부재', '발열 유닛', '필름']",6.700532731,6.700532731,37,1
181,1,"['자막', '조립 자막', '마스크', '상기 조립', '조립', '머리', '자막 상기', '상기', '링커', '상기 마스크']",6.711168921,6.711168921,33,1
182,1,"['데이터', '상기', '노즐', '컨트롤러', '위치 데이터', '보정 데이터', '데이터 생성', '보정', '상기 노즐', '기판 복수']",5.77633649,5.77633649,47,1
183,1,"['도가니', '상기 도가니', '상기', '바닥', '상기 바닥', '도가니 상기', '노즐', '복수 노즐', '구형 상기', '재료']",7.105997839,7.105997839,27,1
184,1,"['상기', '조사', '상기 대상', '대상 기판', '대상', '정렬', '기판 조사', '정렬 장치', '유닛', '상기 조사']",5.257605358,5.257605358,53,1
185,1,"['자석', '중심 자석', '외곽 자석', '스퍼터링', '상기 외곽', '상기', '상기 중심', '외곽', '중심', '자석 내부']",6.469483671,6.469483671,40,1
186,1,"['성분', '레이저', '프리즘', '상기', '균질', '특징 레이저', '내부 반사면', '강도 패턴', '상기 프리즘', '상기 성분']",10.03164982,10.03164982,3,1
187,1,"['상기', '신호', '선택 신호', '선택', '화소', '극성 방향', '특징 화소', '연결', '상기 선택', '전원']",2.348465414,2.348465414,78,2
188,1,"['렌즈', '상기 렌즈', '레이저', '렌즈 상기', '상기', '특징 레이저', '균질 광학', '레이저 균질', '광학', '균질']",10.43711493,10.43711493,1,1
189,1,"['레이저', '프리즘', '상기 프리즘', '균질', '특징 레이저', '상기', '레이저 균질', '균질 화기', '화기 상기', '화기']",10.43711493,10.43711493,2,1
190,1,"['트레', '트레 상기', '패널 이송', '이송 트레', '특징 패널', '이송', '부재', '상기', '안착 부재', '패널']",7.775588413,7.775588413,20,1
191,1,"['배선', '데이터 배선', '배선 상기', '더미', '더미 배선', '상기', '테스트', '테스트 데이터', '상기 배선', '상기 더미']",4.041210034,4.041210034,68,1
192,1,"['가이드', '가변', '플레이트', '가이드 플레이트', '위치 가변', '상기', '송파', '가변 플레이트', '결합', '상기 가이드']",7.79293376,7.79293376,17,1
193,1,"['상기', '표시', '색상', '변환 소자', '표시 화소', '화소', '색상 영역', '센서 화소', '소자', '변환']",3.003541183,3.003541183,74,2
194,1,"['복수 돌출', '상기 공간', '상기', '돌출', '공간', '공간 방향', '공간 상기', '돌출 상기', '지대', '복수']",3.753527961,3.753527961,72,2
195,1,"['프레임', '위치 정부', '마스크', '상기', '돌출부', '정부', '프레임 조립', '마스크 프레임', '복수 돌출부', '조립']",7.779933383,7.779933383,18,1
196,1,"['상기 분할', '분할', '반전', '분리기', '상기', '분할 상기', '레이저 장치', '진동', '레이저', '특징 레이저']",8.239890349,8.239890349,11,1
197,1,"['입부', '상기 입부', '상기', '샤시', '완충', '완충 부재', '멀티 표시', '멀티', '돌출부', '삽입']",5.243568549,5.243568549,54,1
198,1,"['상기', '잉크젯', '극성 소자', '잉크젯 장치', '유입', '극성', '상기 유입', '잉크', '생성', '배출구']",7.599478116,7.599478116,21,1
199,1,"['잉크젯', '잉크젯 장치', '극성 소자', '직경', '극성', '생성 유닛', '정렬 방법', '유입', '스테이지', '잉크']",9.023255908,9.023255908,8,1
200,1,"['주사', '주사 라인', '기간', '라인', '상기 주사', '상기', '접속', '기간 동안', '신호', '공급']",4.972664829,4.972664829,56,1
